order,user
105,1997_971112.txt
479,1998_659134.txt
346,1998_045186.txt
353,1998_082105.txt
1016,1999_973407.txt
1796,2002_805223.txt
94,1997_491971.txt
413,1998_494559.txt
191,1997_953451.txt
853,1999_741261.txt
15,1997_111389.txt
343,1998_012971.txt
266,1997_935249.txt
632,1998_979711.txt
169,1997_896354.txt
211,1997_479089.txt
1346,2000_854458.txt
392,1998_470852.txt
918,1999_871353.txt
1118,2000_502904.txt
286,1997_872817.txt
1042,2000_071231.txt
501,1998_733941.txt
572,1998_891505.txt
2364,2004_308.txt
467,1998_613453.txt
2050,2003_219.txt
395,1998_474113.txt
547,1998_853141.txt
613,1998_955304.txt
102,1997_870336.txt
354,1998_090119.txt
703,1999_533810.txt
388,1998_458908.txt
1557,2002_092819.txt
129,1997_673123.txt
491,1998_695943.txt
600,1998_932270.txt
791,1999_652329.txt
404,1998_487593.txt
351,1998_070315.txt
546,1998_850068.txt
1457,2000_945903.txt
361,1998_160205.txt
1150,2000_571136.txt
946,1999_895575.txt
1383,2000_891125.txt
1431,2000_918314.txt
1085,2000_249703.txt
737,1999_559341.txt
483,1998_677547.txt
1391,2000_893872.txt
250,1997_477159.txt
449,1998_564982.txt
516,1998_781969.txt
1102,2000_445053.txt
1247,2000_693765.txt
846,1999_732551.txt
468,1998_614375.txt
618,1998_959060.txt
80,1997_499606.txt
940,1999_890629.txt
427,1998_518444.txt
318,1997_147396.txt
577,1998_893373.txt
1126,2000_535643.txt
1198,2000_630441.txt
248,1997_451038.txt
722,1999_553171.txt
1152,2000_572078.txt
26,1997_760578.txt
272,1997_598253.txt
165,1997_652904.txt
72,1997_897072.txt
1476,2000_953763.txt
1204,2000_634868.txt
835,1999_714263.txt
1873,2002_953576.txt
783,1999_637380.txt
1027,1999_994744.txt
132,1997_815468.txt
474,1998_651210.txt
278,1997_956235.txt
911,1999_854693.txt
804,1999_672030.txt
2228,2004_35.txt
696,1999_518310.txt
1030,2000_017203.txt
1096,2000_399465.txt
750,1999_572969.txt
78,1997_475230.txt
199,1997_658841.txt
445,1998_556774.txt
1039,2000_056817.txt
1340,2000_845859.txt
1472,2000_952488.txt
2190,2003_530.txt
482,1998_676910.txt
1242,2000_686663.txt
360,1998_129982.txt
1129,2000_538992.txt
81,1997_568086.txt
348,1998_054183.txt
1209,2000_637256.txt
1720,2002_695597.txt
180,1997_918806.txt
612,1998_954253.txt
527,1998_811576.txt
475,1998_652525.txt
376,1998_350692.txt
401,1998_476356.txt
544,1998_845446.txt
1432,2000_918787.txt
423,1998_513098.txt
1283,2000_739722.txt
905,1999_851919.txt
629,1998_976047.txt
1396,2000_895005.txt
573,1998_892005.txt
565,1998_876735.txt
963,1999_915239.txt
1417,2000_913207.txt
1737,2002_715655.txt
383,1998_447523.txt
812,1999_679211.txt
630,1998_976201.txt
659,1999_092698.txt
1829,2002_871615.txt
155,1997_878492.txt
899,1999_838641.txt
1299,2000_770472.txt
362,1998_163952.txt
456,1998_580120.txt
748,1999_572353.txt
349,1998_059087.txt
1608,2002_371941.txt
2098,2003_308.txt
111,1997_830141.txt
933,1999_879977.txt
1284,2000_740979.txt
1244,2000_691500.txt
422,1998_512626.txt
2321,2004_219.txt
1425,2000_915058.txt
1440,2000_932839.txt
145,1997_678907.txt
327,1997_074063.txt
1411,2000_911572.txt
2452,2004_476.txt
406,1998_491143.txt
606,1998_948975.txt
802,1999_670670.txt
1420,2000_914067.txt
1481,2000_956652.txt
1900,2003_10.txt
690,1999_509698.txt
161,1997_459891.txt
1074,2000_192088.txt
1108,2000_476720.txt
1603,2002_309031.txt
138,1997_953720.txt
1517,2002_031391.txt
386,1998_455323.txt
454,1998_578686.txt
1727,2002_703402.txt
173,1997_451854.txt
285,1997_835986.txt
1401,2000_897981.txt
1006,1999_955689.txt
1388,2000_892239.txt
668,1999_179025.txt
1397,2000_896348.txt
270,1997_539448.txt
502,1998_735496.txt
877,1999_794811.txt
358,1998_125075.txt
1248,2000_695124.txt
1899,2003_8.txt
548,1998_853629.txt
1528,2002_040858.txt
721,1999_551864.txt
509,1998_762608.txt
554,1998_858684.txt
1698,2002_677203.txt
838,1999_715155.txt
18,1997_430457.txt
952,1999_903880.txt
1019,1999_974896.txt
1201,2000_632418.txt
623,1998_961471.txt
913,1999_855682.txt
1290,2000_752178.txt
344,1998_037552.txt
580,1998_895104.txt
1485,2000_959855.txt
1200,2000_632019.txt
787,1999_639076.txt
1296,2000_762391.txt
1313,2000_798791.txt
170,1997_917937.txt
434,1998_535096.txt
2341,2004_260.txt
2231,2004_38.txt
201,1997_731545.txt
309,1997_434159.txt
282,1997_651413.txt
254,1997_794682.txt
1453,2000_939521.txt
317,1997_101670.txt
1409,2000_909238.txt
295,1997_964636.txt
567,1998_878500.txt
1638,2002_538196.txt
1785,2002_780856.txt
40,1997_880321.txt
694,1999_514159.txt
2462,2004_493.txt
375,1998_333355.txt
1282,2000_739643.txt
2142,2003_385.txt
424,1998_514101.txt
674,1999_301121.txt
979,1999_919315.txt
1147,2000_559995.txt
1470,2000_952457.txt
743,1999_570986.txt
172,1997_416158.txt
55,1997_490124.txt
875,1999_793883.txt
2270,2004_110.txt
1545,2002_075063.txt
1765,2002_747057.txt
276,1997_890789.txt
704,1999_534553.txt
1424,2000_914520.txt
943,1999_892569.txt
146,1997_696460.txt
34,1997_784675.txt
1083,2000_228423.txt
107,1997_471070.txt
699,1999_530010.txt
1056,2000_108295.txt
1466,2000_952120.txt
2221,2004_26.txt
215,1997_735082.txt
897,1999_837226.txt
510,1998_768748.txt
232,1997_991961.txt
394,1998_472096.txt
14,1997_606357.txt
983,1999_927566.txt
205,1997_859701.txt
895,1999_836030.txt
1022,1999_977072.txt
549,1998_853723.txt
669,1999_180595.txt
1000,1999_938294.txt
1031,2000_018694.txt
150,1997_771125.txt
1414,2000_912341.txt
1430,2000_917531.txt
492,1998_696197.txt
2253,2004_75.txt
1092,2000_366096.txt
1093,2000_383598.txt
608,1998_952325.txt
973,1999_917645.txt
1206,2000_635183.txt
419,1998_499467.txt
640,1999_015497.txt
786,1999_638698.txt
2373,2004_321.txt
252,1997_577009.txt
719,1999_550680.txt
1413,2000_912233.txt
1836,2002_891066.txt
281,1997_555388.txt
171,1997_931356.txt
363,1998_167124.txt
1933,2003_60.txt
283,1997_758039.txt
766,1999_595780.txt
1240,2000_681979.txt
1412,2000_911587.txt
2444,2004_462.txt
892,1999_821141.txt
1333,2000_834851.txt
1428,2000_916422.txt
1436,2000_930465.txt
297,1997_178075.txt
1195,2000_626823.txt
1275,2000_732617.txt
1454,2000_939561.txt
517,1998_789844.txt
2255,2004_79.txt
760,1999_578241.txt
1510,2002_013468.txt
1743,2002_717531.txt
868,1999_781663.txt
910,1999_854382.txt
1500,2000_995275.txt
1571,2002_107925.txt
1043,2000_071590.txt
1122,2000_518815.txt
1188,2000_612220.txt
570,1998_890436.txt
2187,2003_513.txt
288,1997_894347.txt
701,1999_532271.txt
1186,2000_609764.txt
1416,2000_912827.txt
1471,2000_952476.txt
2070,2003_249.txt
2400,2004_364.txt
771,1999_609608.txt
1556,2002_091935.txt
2171,2003_476.txt
273,1997_750691.txt
213,1997_657222.txt
900,1999_838987.txt
968,1999_916431.txt
1964,2003_101.txt
91,1997_934160.txt
387,1998_458651.txt
1070,2000_164084.txt
1293,2000_758531.txt
62,1997_854291.txt
1575,2002_121479.txt
2354,2004_283.txt
160,1997_453155.txt
571,1998_891388.txt
1254,2000_697936.txt
3,1997_568848.txt
559,1998_870332.txt
47,1997_419343.txt
1269,2000_718183.txt
287,1997_891464.txt
136,1997_917210.txt
418,1998_496905.txt
443,1998_551340.txt
893,1999_832140.txt
83,1997_579130.txt
675,1999_322993.txt
817,1999_692095.txt
1332,2000_832879.txt
1415,2000_912563.txt
1888,2002_974654.txt
68,1997_454962.txt
89,1997_870133.txt
1274,2000_727952.txt
2042,2003_208.txt
504,1998_738270.txt
585,1998_910501.txt
590,1998_916137.txt
912,1999_855558.txt
115,1997_913820.txt
980,1999_919689.txt
2069,2003_248.txt
1451,2000_938506.txt
1495,2000_991293.txt
1977,2003_120.txt
840,1999_718251.txt
1458,2000_949785.txt
1337,2000_839089.txt
2134,2003_368.txt
1359,2000_869726.txt
891,1999_819302.txt
1064,2000_129591.txt
1387,2000_892157.txt
1979,2003_122.txt
296,1997_801472.txt
1114,2000_493241.txt
569,1998_889934.txt
691,1999_510014.txt
713,1999_542071.txt
397,1998_475183.txt
909,1999_853377.txt
990,1999_933177.txt
1222,2000_658123.txt
1365,2000_871821.txt
1419,2000_913632.txt
380,1998_432472.txt
611,1998_953943.txt
1479,2000_954203.txt
1795,2002_804782.txt
795,1999_655935.txt
1871,2002_953283.txt
1502,2000_997973.txt
189,1997_897862.txt
831,1999_706452.txt
1490,2000_975827.txt
1525,2002_039437.txt
1764,2002_741268.txt
67,1997_953313.txt
636,1998_992657.txt
847,1999_735895.txt
976,1999_918847.txt
1223,2000_658182.txt
472,1998_631209.txt
1194,2000_625276.txt
2176,2003_492.txt
2209,2004_8.txt
125,1997_455853.txt
620,1998_959637.txt
1314,2000_798925.txt
487,1998_690595.txt
860,1999_757130.txt
2411,2004_384.txt
79,1997_497680.txt
224,1997_657978.txt
239,1997_819345.txt
1017,1999_974189.txt
1312,2000_798629.txt
33,1997_867722.txt
761,1999_578826.txt
341,1997_460592.txt
480,1998_659344.txt
639,1998_997019.txt
2168,2003_452.txt
2464,2004_497.txt
790,1999_643860.txt
1128,2000_538230.txt
796,1999_656142.txt
384,1998_448871.txt
598,1998_932048.txt
1003,1999_949937.txt
1257,2000_708496.txt
1386,2000_891622.txt
407,1998_491167.txt
888,1999_815617.txt
543,1998_836815.txt
584,1998_903636.txt
1407,2000_908148.txt
1657,2002_647168.txt
2294,2004_147.txt
310,1997_435972.txt
1267,2000_716913.txt
1801,2002_818242.txt
1971,2003_114.txt
1868,2002_950971.txt
2356,2004_286.txt
97,1997_597205.txt
314,1997_783160.txt
816,1999_691305.txt
610,1998_953660.txt
809,1999_674897.txt
251,1997_570131.txt
553,1998_858248.txt
1403,2000_899564.txt
649,1999_038868.txt
677,1999_412663.txt
1342,2000_851590.txt
1459,2000_950082.txt
1726,2002_699655.txt
345,1998_039155.txt
894,1999_835497.txt
2435,2004_451.txt
36,1997_704970.txt
471,1998_631077.txt
520,1998_793662.txt
709,1999_538156.txt
45,1997_394566.txt
76,1997_938066.txt
1088,2000_326314.txt
1393,2000_894444.txt
2116,2003_338.txt
300,1997_848404.txt
542,1998_835664.txt
671,1999_262761.txt
1849,2002_917983.txt
511,1998_769425.txt
1146,2000_558628.txt
1847,2002_916663.txt
2292,2004_143.txt
162,1997_513925.txt
793,1999_652663.txt
586,1998_911582.txt
635,1998_990689.txt
1109,2000_479895.txt
2333,2004_243.txt
448,1998_559695.txt
537,1998_825931.txt
609,1998_953267.txt
678,1999_413605.txt
2119,2003_342.txt
628,1998_976037.txt
870,1999_785713.txt
1522,2002_037308.txt
2425,2004_417.txt
216,1997_735238.txt
971,1999_916707.txt
227,1997_736368.txt
290,1997_910412.txt
716,1999_550241.txt
292,1997_935738.txt
87,1997_819809.txt
568,1998_889071.txt
1498,2000_993693.txt
1169,2000_579113.txt
218,1997_915687.txt
555,1998_858889.txt
75,1997_919361.txt
557,1998_859548.txt
784,1999_638078.txt
965,1999_915632.txt
1258,2000_708835.txt
2082,2003_282.txt
63,1997_855808.txt
116,1997_916622.txt
769,1999_602191.txt
1035,2000_043320.txt
1115,2000_493416.txt
2266,2004_104.txt
550,1998_856818.txt
1733,2002_713375.txt
1750,2002_730158.txt
768,1999_599952.txt
2148,2003_399.txt
134,1997_834761.txt
515,1998_779688.txt
1335,2000_836234.txt
1620,2002_484135.txt
2118,2003_341.txt
357,1998_121308.txt
1645,2002_609940.txt
684,1999_463051.txt
756,1999_575476.txt
1076,2000_195422.txt
1170,2000_579209.txt
403,1998_477540.txt
539,1998_831618.txt
740,1999_559949.txt
1298,2000_767391.txt
1649,2002_619916.txt
1067,2000_142386.txt
1259,2000_710105.txt
2245,2004_57.txt
876,1999_794411.txt
2137,2003_374.txt
1028,1999_995708.txt
1694,2002_676062.txt
1821,2002_854190.txt
2032,2003_197.txt
410,1998_491851.txt
747,1999_572284.txt
1020,1999_975769.txt
1579,2002_127941.txt
1723,2002_696715.txt
1754,2002_734040.txt
2322,2004_220.txt
2367,2004_312.txt
2427,2004_421.txt
302,1997_233350.txt
153,1997_854163.txt
64,1997_858052.txt
744,1999_571433.txt
1029,1999_997807.txt
1161,2000_576170.txt
1207,2000_635601.txt
1840,2002_898153.txt
148,1997_733444.txt
203,1997_756297.txt
1285,2000_741743.txt
1404,2000_899852.txt
90,1997_897420.txt
749,1999_572922.txt
1456,2000_940609.txt
1624,2002_503062.txt
53,1997_451062.txt
805,1999_673541.txt
1728,2002_708914.txt
1452,2000_938520.txt
1462,2000_951373.txt
1578,2002_123025.txt
601,1998_932282.txt
1234,2000_677716.txt
22,1997_378670.txt
1280,2000_738753.txt
1368,2000_873310.txt
1399,2000_896824.txt
140,1997_972805.txt
1044,2000_072770.txt
192,1997_973910.txt
356,1998_105169.txt
1730,2002_712420.txt
9,1997_708036.txt
836,1999_714384.txt
486,1998_684784.txt
1080,2000_202646.txt
1127,2000_536125.txt
1292,2000_758465.txt
2197,2003_555.txt
1264,2000_713951.txt
133,1997_819301.txt
1007,1999_956491.txt
996,1999_935699.txt
1944,2003_76.txt
631,1998_978035.txt
1216,2000_654664.txt
1455,2000_939950.txt
2127,2003_357.txt
432,1998_531732.txt
1643,2002_593941.txt
60,1997_739678.txt
1373,2000_876118.txt
1560,2002_098864.txt
264,1997_872596.txt
429,1998_519414.txt
2241,2004_52.txt
461,1998_596135.txt
477,1998_656677.txt
265,1997_878282.txt
1343,2000_851716.txt
2100,2003_311.txt
70,1997_732894.txt
521,1998_797096.txt
103,1997_890630.txt
503,1998_737632.txt
859,1999_756841.txt
1347,2000_854482.txt
1866,2002_939162.txt
532,1998_815480.txt
1740,2002_716585.txt
294,1997_806274.txt
1447,2000_935326.txt
1881,2002_958137.txt
575,1998_892603.txt
955,1999_911756.txt
1185,2000_603794.txt
1277,2000_733409.txt
1480,2000_954778.txt
44,1997_693196.txt
7,1997_724794.txt
117,1997_917639.txt
291,1997_919223.txt
932,1999_877851.txt
988,1999_932586.txt
1144,2000_557603.txt
714,1999_543655.txt
1173,2000_590052.txt
2258,2004_89.txt
95,1997_496933.txt
113,1997_854391.txt
122,1997_978989.txt
926,1999_874234.txt
931,1999_877795.txt
1099,2000_438850.txt
1211,2000_639729.txt
1288,2000_750971.txt
455,1998_579133.txt
619,1998_959379.txt
626,1998_973673.txt
2319,2004_217.txt
230,1997_898021.txt
1379,2000_882352.txt
2200,2003_562.txt
442,1998_551049.txt
858,1999_756180.txt
902,1999_840252.txt
1048,2000_076876.txt
1300,2000_771081.txt
583,1998_899637.txt
664,1999_144526.txt
2004,2003_159.txt
159,1997_936626.txt
412,1998_493717.txt
551,1998_857433.txt
1052,2000_094896.txt
193,1997_396947.txt
525,1998_800538.txt
1874,2002_955033.txt
2078,2003_269.txt
1918,2003_35.txt
8,1997_628043.txt
1303,2000_773497.txt
1321,2000_814284.txt
1477,2000_954075.txt
1774,2002_759882.txt
262,1997_830801.txt
30,1997_882637.txt
1489,2000_975545.txt
130,1997_714973.txt
367,1998_200855.txt
1541,2002_059772.txt
48,1997_473952.txt
38,1997_881327.txt
1968,2003_110.txt
1983,2003_129.txt
56,1997_492073.txt
715,1999_550043.txt
741,1999_559950.txt
800,1999_658999.txt
1434,2000_919336.txt
2431,2004_440.txt
187,1997_835686.txt
444,1998_552508.txt
995,1999_935355.txt
2079,2003_273.txt
118,1997_950082.txt
767,1999_598659.txt
1226,2000_670361.txt
210,1997_470418.txt
531,1998_814157.txt
538,1998_830292.txt
1262,2000_711029.txt
181,1997_957036.txt
481,1998_659638.txt
819,1999_694265.txt
261,1997_813043.txt
596,1998_930531.txt
1171,2000_588595.txt
1627,2002_517301.txt
1104,2000_457131.txt
235,1997_696062.txt
66,1997_898394.txt
1023,1999_977136.txt
1501,2000_997950.txt
124,1997_452377.txt
494,1998_711712.txt
1097,2000_426306.txt
1708,2002_690292.txt
2199,2003_561.txt
151,1997_797745.txt
663,1999_120720.txt
1349,2000_854954.txt
307,1997_731982.txt
421,1998_511209.txt
1060,2000_125323.txt
1272,2000_725071.txt
605,1998_938927.txt
832,1999_707577.txt
843,1999_731141.txt
845,1999_732219.txt
1145,2000_557731.txt
982,1999_919820.txt
135,1997_857408.txt
168,1997_893217.txt
247,1997_992092.txt
1165,2000_576862.txt
2402,2004_372.txt
1038,2000_055956.txt
2295,2004_151.txt
2246,2004_58.txt
17,1997_636228.txt
495,1998_711744.txt
692,1999_512642.txt
939,1999_890258.txt
1001,1999_939985.txt
1082,2000_220258.txt
666,1999_161555.txt
1110,2000_488372.txt
1205,2000_635111.txt
2307,2004_181.txt
1065,2000_136760.txt
1787,2002_792236.txt
2376,2004_324.txt
430,1998_519673.txt
1236,2000_678824.txt
1703,2002_678839.txt
641,1999_017532.txt
1163,2000_576262.txt
1732,2002_712631.txt
1852,2002_919167.txt
1086,2000_263307.txt
1091,2000_361463.txt
2346,2004_267.txt
457,1998_590140.txt
591,1998_917906.txt
1759,2002_737137.txt
533,1998_816501.txt
852,1999_739810.txt
2073,2003_258.txt
718,1999_550578.txt
1372,2000_875345.txt
1592,2002_167717.txt
35,1997_665910.txt
638,1998_995489.txt
1361,2000_871605.txt
1421,2000_914079.txt
1721,2002_695757.txt
2332,2004_241.txt
328,1997_165590.txt
100,1997_750977.txt
179,1997_913139.txt
936,1999_888427.txt
1172,2000_590024.txt
2059,2003_233.txt
2144,2003_393.txt
52,1997_339543.txt
226,1997_697491.txt
984,1999_930619.txt
1692,2002_675023.txt
1791,2002_796644.txt
656,1999_059843.txt
1068,2000_147469.txt
1833,2002_875711.txt
1841,2002_904419.txt
708,1999_536836.txt
788,1999_639934.txt
1322,2000_815592.txt
1894,2002_990120.txt
1659,2002_651690.txt
1782,2002_773215.txt
815,1999_685234.txt
2404,2004_374.txt
964,1999_915366.txt
1079,2000_202633.txt
1218,2000_655876.txt
2339,2004_257.txt
336,1997_286966.txt
2236,2004_46.txt
574,1998_892272.txt
1249,2000_695156.txt
1384,2000_891138.txt
1475,2000_952907.txt
2012,2003_169.txt
2062,2003_237.txt
305,1997_612557.txt
1358,2000_864302.txt
789,1999_640688.txt
904,1999_851896.txt
1214,2000_654054.txt
331,1997_012750.txt
323,1997_266831.txt
253,1997_736518.txt
998,1999_936347.txt
1885,2002_972407.txt
339,1997_033283.txt
10,1997_665915.txt
513,1998_773959.txt
1202,2000_633128.txt
1562,2002_102020.txt
2449,2004_471.txt
408,1998_491269.txt
466,1998_613201.txt
826,1999_700687.txt
1058,2000_116293.txt
25,1997_339562.txt
175,1997_519447.txt
236,1997_732418.txt
770,1999_606178.txt
956,1999_911928.txt
1095,2000_395177.txt
101,1997_778356.txt
204,1997_819346.txt
614,1998_955635.txt
710,1999_539521.txt
1319,2000_812774.txt
1516,2002_030576.txt
284,1997_777805.txt
1167,2000_578422.txt
2338,2004_249.txt
209,1997_916538.txt
534,1998_816714.txt
680,1999_419686.txt
1316,2000_810134.txt
1508,2002_012297.txt
711,1999_539537.txt
1179,2000_595927.txt
1089,2000_344399.txt
1286,2000_744485.txt
1646,2002_610093.txt
1809,2002_830353.txt
85,1997_752353.txt
945,1999_894712.txt
1598,2002_243325.txt
1689,2002_674833.txt
279,1997_499042.txt
633,1998_984104.txt
730,1999_556110.txt
731,1999_556458.txt
1263,2000_711990.txt
1478,2000_954100.txt
1564,2002_105085.txt
299,1997_318159.txt
84,1997_736454.txt
1154,2000_572513.txt
1468,2000_952191.txt
1949,2003_83.txt
2381,2004_333.txt
198,1997_575279.txt
1422,2000_914251.txt
1461,2000_951137.txt
1696,2002_676095.txt
1818,2002_838530.txt
975,1999_917974.txt
1352,2000_857295.txt
1713,2002_692681.txt
463,1998_596948.txt
1037,2000_053427.txt
43,1997_378661.txt
806,1999_674246.txt
972,1999_917031.txt
1235,2000_678534.txt
1271,2000_722078.txt
1745,2002_718663.txt
724,1999_553838.txt
1667,2002_654785.txt
2421,2004_405.txt
334,1997_071988.txt
757,1999_576140.txt
985,1999_931394.txt
1046,2000_073482.txt
1680,2002_672547.txt
1709,2002_690395.txt
2215,2004_18.txt
200,1997_672345.txt
417,1998_496713.txt
1776,2002_765168.txt
1884,2002_972172.txt
142,1997_551651.txt
779,1999_633265.txt
1757,2002_735955.txt
991,1999_933681.txt
2203,2003_566.txt
2454,2004_480.txt
745,1999_571695.txt
849,1999_736368.txt
1132,2000_551702.txt
2054,2003_225.txt
1909,2003_24.txt
229,1997_856670.txt
206,1997_873493.txt
1389,2000_892829.txt
1926,2003_47.txt
634,1998_987677.txt
1574,2002_121357.txt
2375,2004_323.txt
31,1997_821162.txt
653,1999_051990.txt
934,1999_886360.txt
1969,2003_111.txt
447,1998_559341.txt
1762,2002_738727.txt
1880,2002_958061.txt
1175,2000_592197.txt
1786,2002_790094.txt
1800,2002_816194.txt
2104,2003_316.txt
42,1997_311198.txt
797,1999_656865.txt
1912,2003_27.txt
2175,2003_491.txt
863,1999_772974.txt
1002,1999_946196.txt
1334,2000_835974.txt
1585,2002_145993.txt
1749,2002_727946.txt
738,1999_559746.txt
1215,2000_654531.txt
1402,2000_898561.txt
725,1999_554638.txt
2066,2003_245.txt
2194,2003_544.txt
485,1998_679951.txt
1700,2002_678269.txt
2271,2004_113.txt
2325,2004_231.txt
2235,2004_42.txt
428,1998_518720.txt
679,1999_417642.txt
834,1999_711103.txt
1073,2000_182860.txt
1371,2000_874608.txt
2113,2003_334.txt
2430,2004_439.txt
1339,2000_843977.txt
1695,2002_676085.txt
561,1998_872000.txt
883,1999_811679.txt
1111,2000_489004.txt
1136,2000_554253.txt
1650,2002_619972.txt
1686,2002_673493.txt
1738,2002_716179.txt
1855,2002_928929.txt
402,1998_477189.txt
470,1998_628315.txt
925,1999_874130.txt
1515,2002_030481.txt
2055,2003_228.txt
1915,2003_31.txt
2225,2004_32.txt
872,1999_787983.txt
2155,2003_413.txt
458,1998_590709.txt
1381,2000_890770.txt
1496,2000_992099.txt
1936,2003_65.txt
592,1998_918489.txt
928,1999_876535.txt
1011,1999_959747.txt
1756,2002_735375.txt
2448,2004_470.txt
465,1998_603731.txt
882,1999_811591.txt
1537,2002_056534.txt
2143,2003_392.txt
20,1997_356326.txt
1041,2000_070391.txt
1130,2000_550042.txt
536,1998_821722.txt
2387,2004_345.txt
2262,2004_99.txt
69,1997_499267.txt
541,1998_834298.txt
1418,2000_913399.txt
2261,2004_97.txt
643,1999_026284.txt
785,1999_638622.txt
1324,2000_818614.txt
1830,2002_873089.txt
1997,2003_145.txt
496,1998_711991.txt
1306,2000_784017.txt
1989,2003_135.txt
233,1997_430172.txt
901,1999_839013.txt
874,1999_792994.txt
1948,2003_82.txt
2315,2004_203.txt
2394,2004_355.txt
2250,2004_69.txt
947,1999_896020.txt
1583,2002_142749.txt
255,1997_797908.txt
1706,2002_680572.txt
2136,2003_373.txt
556,1998_859490.txt
2008,2003_165.txt
2360,2004_295.txt
1535,2002_054737.txt
1806,2002_822367.txt
425,1998_514882.txt
927,1999_876264.txt
957,1999_912253.txt
1460,2000_950163.txt
326,1997_057160.txt
202,1997_736630.txt
830,1999_703715.txt
1213,2000_651614.txt
342,1998_010017.txt
391,1998_463122.txt
411,1998_493289.txt
777,1999_632513.txt
2045,2003_211.txt
2273,2004_115.txt
1160,2000_575736.txt
1945,2003_77.txt
478,1998_658776.txt
524,1998_799973.txt
1266,2000_715921.txt
2293,2004_146.txt
828,1999_701420.txt
2284,2004_132.txt
1514,2002_024555.txt
147,1997_697427.txt
71,1997_857525.txt
2017,2003_176.txt
2048,2003_217.txt
1441,2000_933158.txt
1532,2002_053286.txt
2352,2004_279.txt
1408,2000_908900.txt
112,1997_835717.txt
106,1997_992649.txt
32,1997_748062.txt
1363,2000_871804.txt
1497,2000_992182.txt
733,1999_557730.txt
450,1998_575921.txt
1295,2000_761809.txt
1707,2002_690231.txt
1717,2002_693614.txt
2086,2003_286.txt
321,1997_409960.txt
156,1997_878676.txt
1370,2000_874178.txt
1748,2002_725541.txt
862,1999_771726.txt
1354,2000_858070.txt
2156,2003_415.txt
2323,2004_222.txt
959,1999_912743.txt
2192,2003_540.txt
123,1997_435058.txt
1367,2000_872907.txt
1385,2000_891322.txt
2087,2003_287.txt
258,1997_979571.txt
992,1999_934402.txt
1265,2000_715549.txt
1752,2002_733150.txt
1769,2002_752488.txt
2438,2004_455.txt
2453,2004_478.txt
1981,2003_127.txt
93,1997_450562.txt
58,1997_597598.txt
942,1999_892501.txt
2169,2003_470.txt
127,1997_595934.txt
1212,2000_650927.txt
1491,2000_976039.txt
2028,2003_193.txt
2286,2004_134.txt
137,1997_937003.txt
723,1999_553173.txt
880,1999_801057.txt
889,1999_815984.txt
523,1998_798752.txt
564,1998_874263.txt
773,1999_617565.txt
1177,2000_594909.txt
1449,2000_936005.txt
1672,2002_659246.txt
462,1998_596818.txt
522,1998_798053.txt
658,1999_073763.txt
705,1999_534958.txt
1025,1999_978044.txt
1103,2000_449662.txt
1811,2002_833487.txt
2362,2004_299.txt
1972,2003_115.txt
469,1998_623903.txt
851,1999_738505.txt
866,1999_779803.txt
1658,2002_650332.txt
1767,2002_750740.txt
1907,2003_21.txt
2206,2004_1.txt
810,1999_675416.txt
970,1999_916457.txt
1331,2000_832875.txt
2384,2004_341.txt
249,1997_458896.txt
88,1997_831768.txt
776,1999_632096.txt
1155,2000_573032.txt
2103,2003_315.txt
916,1999_859566.txt
2418,2004_392.txt
2247,2004_61.txt
126,1997_552216.txt
500,1998_732702.txt
811,1999_676943.txt
908,1999_853304.txt
1176,2000_593590.txt
1325,2000_820571.txt
393,1998_471243.txt
1294,2000_759523.txt
961,1999_913369.txt
1573,2002_109622.txt
2006,2003_162.txt
2046,2003_214.txt
2110,2003_323.txt
512,1998_770914.txt
673,1999_290145.txt
1937,2003_67.txt
228,1997_853759.txt
576,1998_892987.txt
1297,2000_766519.txt
473,1998_639546.txt
1803,2002_819430.txt
208,1997_878422.txt
530,1998_813876.txt
1464,2000_951640.txt
660,1999_111132.txt
764,1999_595395.txt
799,1999_658945.txt
1138,2000_555436.txt
1520,2002_033027.txt
1788,2002_792967.txt
2419,2004_394.txt
274,1997_790253.txt
967,1999_916221.txt
974,1999_917875.txt
1521,2002_036006.txt
1606,2002_362136.txt
2125,2003_351.txt
1024,1999_977955.txt
1196,2000_627458.txt
1273,2000_725207.txt
1955,2003_92.txt
1569,2002_107435.txt
2151,2003_409.txt
1953,2003_90.txt
2340,2004_259.txt
1013,1999_971941.txt
2161,2003_428.txt
907,1999_852277.txt
1656,2002_643142.txt
1890,2002_979377.txt
2287,2004_136.txt
1124,2000_532944.txt
1159,2000_575013.txt
1839,2002_897828.txt
2052,2003_223.txt
1077,2000_201466.txt
311,1997_697536.txt
1978,2003_121.txt
588,1998_913489.txt
662,1999_120173.txt
2056,2003_229.txt
2220,2004_25.txt
390,1998_459461.txt
1050,2000_089261.txt
1166,2000_577273.txt
1687,2002_673962.txt
958,1999_912499.txt
1098,2000_434142.txt
1217,2000_654954.txt
1655,2002_643046.txt
41,1997_336857.txt
301,1997_887984.txt
1439,2000_932050.txt
1810,2002_833127.txt
2395,2004_356.txt
2320,2004_218.txt
2256,2004_84.txt
340,1997_160412.txt
163,1997_571199.txt
257,1997_970131.txt
1168,2000_579092.txt
1227,2000_670567.txt
2420,2004_404.txt
220,1997_956061.txt
1987,2003_133.txt
2264,2004_102.txt
1865,2002_939045.txt
1291,2000_752353.txt
2407,2004_377.txt
1162,2000_576206.txt
1986,2003_132.txt
582,1998_899161.txt
1101,2000_444531.txt
1252,2000_696080.txt
114,1997_890127.txt
277,1997_891831.txt
497,1998_714052.txt
498,1998_715038.txt
415,1998_496009.txt
759,1999_576725.txt
994,1999_934611.txt
1860,2002_934039.txt
2011,2003_168.txt
2149,2003_400.txt
400,1998_475448.txt
1105,2000_471124.txt
464,1998_600217.txt
856,1999_750682.txt
2379,2004_329.txt
938,1999_890187.txt
1318,2000_812056.txt
1838,2002_896653.txt
1864,2002_938191.txt
2369,2004_315.txt
604,1998_937597.txt
867,1999_780103.txt
1187,2000_611855.txt
1250,2000_695312.txt
1341,2000_850667.txt
1609,2002_372240.txt
1034,2000_037152.txt
1883,2002_969641.txt
2049,2003_218.txt
762,1999_590509.txt
1036,2000_046320.txt
1768,2002_751972.txt
1651,2002_631016.txt
919,1999_871544.txt
131,1997_739542.txt
855,1999_748492.txt
1193,2000_624145.txt
2159,2003_422.txt
332,1997_059580.txt
587,1998_911801.txt
896,1999_836170.txt
898,1999_838579.txt
1225,2000_669620.txt
1230,2000_673542.txt
1279,2000_738686.txt
308,1997_518093.txt
57,1997_595469.txt
914,1999_856386.txt
46,1997_677691.txt
886,1999_814133.txt
1251,2000_695512.txt
1326,2000_831232.txt
1590,2002_162856.txt
1626,2002_517265.txt
2057,2003_231.txt
2437,2004_453.txt
624,1998_962325.txt
822,1999_696933.txt
1376,2000_877296.txt
1763,2002_738926.txt
188,1997_871531.txt
1596,2002_226723.txt
2446,2004_467.txt
152,1997_816150.txt
1113,2000_491597.txt
1903,2003_14.txt
2000,2003_150.txt
2226,2004_33.txt
1040,2000_068873.txt
1589,2002_159833.txt
1780,2002_770416.txt
1798,2002_810133.txt
1805,2002_822358.txt
2157,2003_420.txt
1952,2003_89.txt
2244,2004_56.txt
243,1997_473319.txt
240,1997_833350.txt
1045,2000_073377.txt
1632,2002_524643.txt
2461,2004_492.txt
225,1997_696801.txt
807,1999_674417.txt
2123,2003_347.txt
1932,2003_59.txt
1143,2000_556394.txt
1594,2002_183166.txt
2368,2004_314.txt
2434,2004_450.txt
1180,2000_597336.txt
1087,2000_265656.txt
1182,2000_598240.txt
246,1997_930834.txt
1317,2000_811126.txt
1336,2000_838741.txt
1565,2002_105793.txt
1712,2002_692554.txt
166,1997_736918.txt
399,1998_475402.txt
566,1998_877067.txt
325,1997_012113.txt
1310,2000_794320.txt
2122,2003_346.txt
280,1997_512804.txt
519,1998_790795.txt
1276,2000_732735.txt
1639,2002_552990.txt
1675,2002_659456.txt
439,1998_538805.txt
792,1999_652391.txt
1845,2002_913549.txt
104,1997_910659.txt
1174,2000_591006.txt
1766,2002_750065.txt
1157,2000_574185.txt
1224,2000_658353.txt
2121,2003_344.txt
2180,2003_504.txt
2298,2004_154.txt
2357,2004_290.txt
2401,2004_368.txt
320,1997_202481.txt
109,1997_650973.txt
238,1997_798633.txt
700,1999_531209.txt
1183,2000_598326.txt
1199,2000_631445.txt
1238,2000_681563.txt
1270,2000_720844.txt
1450,2000_936978.txt
1853,2002_924957.txt
1985,2003_131.txt
324,1997_058607.txt
16,1997_196603.txt
39,1997_884710.txt
1607,2002_368760.txt
1676,2002_663634.txt
420,1998_510203.txt
535,1998_817832.txt
377,1998_367064.txt
873,1999_792249.txt
1380,2000_890512.txt
2139,2003_376.txt
665,1999_149262.txt
505,1998_749689.txt
778,1999_632523.txt
1032,2000_025613.txt
1547,2002_075732.txt
1995,2003_142.txt
923,1999_873499.txt
1484,2000_959324.txt
1499,2000_993709.txt
1584,2002_143981.txt
0,1997_504851.txt
1444,2000_933743.txt
1635,2002_536911.txt
647,1999_036696.txt
1714,2002_692908.txt
59,1997_677293.txt
1148,2000_570524.txt
1241,2000_686023.txt
2172,2003_484.txt
337,1997_161444.txt
177,1997_856276.txt
65,1997_872282.txt
581,1998_898988.txt
616,1998_957413.txt
627,1998_973785.txt
637,1998_995476.txt
837,1999_714645.txt
108,1997_473999.txt
174,1997_490275.txt
1761,2002_738486.txt
1772,2002_759236.txt
999,1999_937378.txt
1033,2000_036354.txt
1106,2000_473088.txt
1338,2000_840640.txt
1395,2000_894986.txt
1640,2002_556484.txt
440,1998_539712.txt
642,1999_017722.txt
1751,2002_730515.txt
1851,2002_918671.txt
2058,2003_232.txt
2442,2004_460.txt
493,1998_711068.txt
670,1999_203901.txt
1527,2002_039724.txt
2088,2003_288.txt
1094,2000_392315.txt
1889,2002_975468.txt
2013,2003_170.txt
2433,2004_448.txt
2278,2004_125.txt
242,1997_450911.txt
1559,2002_097387.txt
2201,2003_564.txt
119,1997_950779.txt
1943,2003_75.txt
746,1999_572182.txt
1107,2000_474953.txt
1243,2000_691241.txt
1567,2002_106981.txt
1678,2002_671391.txt
1923,2003_43.txt
398,1998_475235.txt
1156,2000_573694.txt
1494,2000_990457.txt
2191,2003_534.txt
186,1997_832991.txt
1121,2000_515950.txt
1770,2002_756924.txt
1366,2000_872110.txt
1398,2000_896506.txt
1611,2002_381292.txt
1826,2002_857261.txt
1882,2002_966552.txt
128,1997_654932.txt
441,1998_551027.txt
1232,2000_676072.txt
1524,2002_039325.txt
1665,2002_653762.txt
374,1998_324101.txt
842,1999_718951.txt
1427,2000_915657.txt
6,1997_724708.txt
829,1999_703351.txt
1278,2000_735261.txt
1362,2000_871706.txt
2186,2003_512.txt
335,1997_140292.txt
355,1998_092455.txt
488,1998_691770.txt
906,1999_852154.txt
1120,2000_511532.txt
2279,2004_126.txt
167,1997_890898.txt
1820,2002_843716.txt
1832,2002_875628.txt
1870,2002_953034.txt
2350,2004_275.txt
499,1998_727868.txt
695,1999_517561.txt
1142,2000_556380.txt
23,1997_814703.txt
1443,2000_933324.txt
1831,2002_875611.txt
2251,2004_72.txt
364,1998_172542.txt
1879,2002_957362.txt
2189,2003_515.txt
529,1998_812997.txt
734,1999_557740.txt
1503,2000_999176.txt
1869,2002_951305.txt
2198,2003_557.txt
689,1999_504631.txt
781,1999_634091.txt
977,1999_919095.txt
1066,2000_137009.txt
2007,2003_164.txt
1533,2002_054002.txt
1593,2002_178264.txt
2312,2004_198.txt
271,1997_578488.txt
2031,2003_196.txt
2193,2003_541.txt
61,1997_754654.txt
378,1998_374668.txt
1467,2000_952164.txt
1922,2003_42.txt
2173,2003_488.txt
1405,2000_904579.txt
2043,2003_209.txt
2124,2003_349.txt
2304,2004_174.txt
2222,2004_27.txt
1253,2000_697879.txt
1360,2000_871438.txt
540,1998_831684.txt
814,1999_680873.txt
1004,1999_950573.txt
1704,2002_679216.txt
1895,2002_991230.txt
1246,2000_692644.txt
1302,2000_772049.txt
595,1998_930477.txt
726,1999_554750.txt
885,1999_813486.txt
1799,2002_815739.txt
2044,2003_210.txt
2237,2004_47.txt
2009,2003_166.txt
2211,2004_10.txt
685,1999_474029.txt
742,1999_560408.txt
1189,2000_613264.txt
1309,2000_791766.txt
2410,2004_382.txt
183,1997_478467.txt
446,1998_557358.txt
1758,2002_736090.txt
1819,2002_841476.txt
1846,2002_913929.txt
2313,2004_199.txt
98,1997_679495.txt
890,1999_818192.txt
2290,2004_141.txt
1378,2000_879234.txt
1526,2002_039681.txt
1980,2003_126.txt
1910,2003_25.txt
319,1997_369589.txt
1848,2002_917507.txt
1921,2003_40.txt
21,1997_530565.txt
518,1998_790525.txt
702,1999_532982.txt
1679,2002_672254.txt
1779,2002_769785.txt
2033,2003_198.txt
2223,2004_28.txt
706,1999_536383.txt
578,1998_894005.txt
2204,2003_569.txt
698,1999_519273.txt
1591,2002_166663.txt
1988,2003_134.txt
2170,2003_473.txt
2269,2004_109.txt
1488,2000_973864.txt
2327,2004_233.txt
1,1997_605191.txt
2114,2003_335.txt
2308,2004_193.txt
2275,2004_122.txt
194,1997_454257.txt
593,1998_923736.txt
1644,2002_595268.txt
712,1999_539859.txt
655,1999_054430.txt
1600,2002_248117.txt
50,1997_847162.txt
563,1998_873811.txt
599,1998_932105.txt
1330,2000_832857.txt
2440,2004_457.txt
1731,2002_712619.txt
1049,2000_087939.txt
672,1999_266590.txt
693,1999_513945.txt
736,1999_559000.txt
763,1999_592250.txt
2150,2003_403.txt
2224,2004_29.txt
37,1997_660638.txt
2272,2004_114.txt
382,1998_439361.txt
29,1997_747589.txt
1197,2000_630184.txt
1239,2000_681975.txt
2276,2004_123.txt
2412,2004_385.txt
365,1998_191094.txt
1117,2000_496987.txt
2131,2003_364.txt
1463,2000_951548.txt
1736,2002_715297.txt
1872,2002_953340.txt
19,1997_475795.txt
244,1997_597376.txt
182,1997_996255.txt
1355,2000_858636.txt
1992,2003_139.txt
2021,2003_184.txt
1993,2003_140.txt
1940,2003_70.txt
1946,2003_79.txt
2391,2004_351.txt
2459,2004_487.txt
2217,2004_22.txt
196,1997_558185.txt
646,1999_035988.txt
765,1999_595531.txt
1151,2000_571191.txt
1178,2000_595506.txt
1876,2002_955576.txt
2428,2004_422.txt
2436,2004_452.txt
1348,2000_854761.txt
1534,2002_054506.txt
139,1997_954441.txt
607,1998_951711.txt
657,1999_065414.txt
930,1999_877268.txt
1051,2000_092791.txt
1718,2002_693916.txt
589,1998_914538.txt
1828,2002_870737.txt
2025,2003_189.txt
1920,2003_39.txt
1928,2003_53.txt
2318,2004_216.txt
237,1997_758922.txt
178,1997_898660.txt
801,1999_670149.txt
917,1999_869069.txt
51,1997_821194.txt
1595,2002_196396.txt
552,1998_857967.txt
654,1999_053082.txt
989,1999_933074.txt
1329,2000_832658.txt
1629,2002_519780.txt
333,1997_366633.txt
1990,2003_136.txt
2309,2004_194.txt
820,1999_695361.txt
2075,2003_264.txt
813,1999_680598.txt
1867,2002_941898.txt
2296,2004_152.txt
2329,2004_236.txt
2233,2004_40.txt
195,1997_474191.txt
808,1999_674686.txt
2456,2004_482.txt
460,1998_596111.txt
2267,2004_107.txt
506,1998_750868.txt
1112,2000_491338.txt
2024,2003_188.txt
1641,2002_578490.txt
2041,2003_207.txt
2314,2004_201.txt
2324,2004_229.txt
110,1997_653713.txt
1356,2000_859325.txt
268,1997_477443.txt
381,1998_432648.txt
1974,2003_117.txt
920,1999_872645.txt
1057,2000_113623.txt
1377,2000_878834.txt
1991,2003_137.txt
2219,2004_24.txt
2344,2004_265.txt
953,1999_908748.txt
1856,2002_930254.txt
2422,2004_409.txt
688,1999_498508.txt
1671,2002_657764.txt
1896,2002_995661.txt
2010,2003_167.txt
687,1999_496885.txt
1674,2002_659436.txt
2426,2004_420.txt
697,1999_518635.txt
1963,2003_100.txt
476,1998_652588.txt
2101,2003_312.txt
1710,2002_690992.txt
1904,2003_15.txt
222,1997_410675.txt
5,1997_722902.txt
1135,2000_553656.txt
2034,2003_199.txt
1935,2003_63.txt
99,1997_750427.txt
86,1997_813369.txt
1442,2000_933277.txt
507,1998_752807.txt
1220,2000_657578.txt
1711,2002_691745.txt
2240,2004_50.txt
2,1997_687252.txt
986,1999_931826.txt
1966,2003_105.txt
2301,2004_167.txt
11,1997_820679.txt
1219,2000_656111.txt
717,1999_550266.txt
1682,2002_672697.txt
154,1997_877563.txt
1184,2000_603647.txt
615,1998_957032.txt
1622,2002_496623.txt
1771,2002_758960.txt
2039,2003_205.txt
603,1998_937081.txt
1307,2000_788565.txt
2232,2004_39.txt
1437,2000_930976.txt
1802,2002_818682.txt
366,1998_194376.txt
409,1998_491828.txt
484,1998_679454.txt
579,1998_894233.txt
2053,2003_224.txt
2254,2004_76.txt
316,1997_070317.txt
833,1999_710269.txt
1059,2000_125276.txt
1961,2003_98.txt
217,1997_819953.txt
1374,2000_876538.txt
2071,2003_251.txt
962,1999_915168.txt
1563,2002_104095.txt
120,1997_959163.txt
1390,2000_892887.txt
1311,2000_797956.txt
352,1998_074464.txt
1375,2000_876930.txt
929,1999_877024.txt
2014,2003_171.txt
1587,2002_147942.txt
1792,2002_798304.txt
681,1999_431078.txt
782,1999_634637.txt
978,1999_919150.txt
1469,2000_952391.txt
1631,2002_524226.txt
256,1997_897973.txt
865,1999_777564.txt
878,1999_799457.txt
2160,2003_425.txt
2282,2004_129.txt
435,1998_535599.txt
1473,2000_952851.txt
2316,2004_211.txt
2242,2004_53.txt
2378,2004_328.txt
2036,2003_202.txt
2196,2003_554.txt
2249,2004_64.txt
312,1997_791837.txt
452,1998_578140.txt
528,1998_812901.txt
683,1999_453692.txt
1010,1999_959624.txt
1523,2002_037524.txt
2310,2004_195.txt
459,1998_593630.txt
2423,2004_414.txt
774,1999_619944.txt
1551,2002_078803.txt
1701,2002_678520.txt
1815,2002_835961.txt
2067,2003_246.txt
1301,2000_771407.txt
1536,2002_056431.txt
1950,2003_86.txt
1505,2002_011190.txt
1630,2002_523940.txt
941,1999_892421.txt
2213,2004_15.txt
1123,2000_522291.txt
1229,2000_672860.txt
426,1998_517115.txt
857,1999_752651.txt
2030,2003_195.txt
2097,2003_303.txt
1140,2000_556086.txt
1973,2003_116.txt
2450,2004_472.txt
2463,2004_494.txt
841,1999_718342.txt
2141,2003_379.txt
2455,2004_481.txt
560,1998_871365.txt
2230,2004_37.txt
1506,2002_012097.txt
322,1997_053414.txt
338,1997_071933.txt
1628,2002_517848.txt
1925,2003_46.txt
1916,2003_33.txt
2335,2004_245.txt
864,1999_775955.txt
1208,2000_636338.txt
1531,2002_053186.txt
661,1999_116775.txt
960,1999_913026.txt
2019,2003_181.txt
329,1997_123854.txt
1448,2000_935602.txt
2063,2003_238.txt
2383,2004_339.txt
1734,2002_714486.txt
871,1999_787498.txt
2334,2004_244.txt
2234,2004_41.txt
12,1997_780901.txt
597,1998_931283.txt
1984,2003_130.txt
2135,2003_369.txt
2465,2004_498.txt
176,1997_675485.txt
2095,2003_301.txt
2153,2003_411.txt
2260,2004_94.txt
1580,2002_129211.txt
1625,2002_516812.txt
1697,2002_676992.txt
2060,2003_234.txt
416,1998_496110.txt
289,1997_899272.txt
2105,2003_318.txt
1125,2000_535579.txt
1929,2003_55.txt
396,1998_474386.txt
2002,2003_152.txt
1617,2002_464678.txt
275,1997_835938.txt
625,1998_969027.txt
1090,2000_355626.txt
212,1997_514574.txt
2370,2004_316.txt
431,1998_530331.txt
1797,2002_809993.txt
1139,2000_555854.txt
1192,2000_618252.txt
1702,2002_678622.txt
2289,2004_140.txt
2317,2004_215.txt
2146,2003_396.txt
2458,2004_484.txt
1778,2002_766324.txt
1947,2003_80.txt
74,1997_913224.txt
1071,2000_165339.txt
1509,2002_013073.txt
951,1999_901945.txt
1588,2002_155948.txt
1835,2002_880165.txt
1902,2003_13.txt
77,1997_417075.txt
1773,2002_759716.txt
707,1999_536608.txt
1705,2002_680513.txt
1021,1999_976054.txt
1693,2002_675309.txt
82,1997_572720.txt
798,1999_657716.txt
667,1999_163164.txt
648,1999_037068.txt
1538,2002_056707.txt
1512,2002_017993.txt
1960,2003_97.txt
2460,2004_490.txt
1619,2002_483303.txt
753,1999_574354.txt
1382,2000_891089.txt
2413,2004_386.txt
1653,2002_637171.txt
1804,2002_819526.txt
2003,2003_155.txt
617,1998_958207.txt
1260,2000_710150.txt
2065,2003_243.txt
1954,2003_91.txt
1061,2000_126788.txt
2353,2004_280.txt
2445,2004_464.txt
1203,2000_634121.txt
1823,2002_855472.txt
676,1999_351005.txt
1719,2002_694049.txt
1875,2002_955372.txt
949,1999_896204.txt
1081,2000_209131.txt
1221,2000_657883.txt
2102,2003_313.txt
2300,2004_165.txt
824,1999_699577.txt
2268,2004_108.txt
2409,2004_380.txt
1287,2000_750679.txt
2202,2003_565.txt
2277,2004_124.txt
1540,2002_058891.txt
1813,2002_835051.txt
948,1999_896023.txt
1681,2002_672631.txt
1822,2002_854684.txt
315,1997_262585.txt
884,1999_812401.txt
1957,2003_94.txt
2303,2004_173.txt
144,1997_652829.txt
652,1999_048437.txt
1465,2000_951695.txt
2022,2003_185.txt
2108,2003_321.txt
1837,2002_892957.txt
1994,2003_141.txt
2138,2003_375.txt
1014,1999_972522.txt
2371,2004_317.txt
1181,2000_597791.txt
1429,2000_916816.txt
2184,2003_510.txt
1934,2003_61.txt
2328,2004_235.txt
1255,2000_699624.txt
1722,2002_696024.txt
2068,2003_247.txt
2385,2004_343.txt
2390,2004_350.txt
644,1999_031708.txt
2337,2004_248.txt
1919,2003_38.txt
1648,2002_618490.txt
1927,2003_51.txt
2443,2004_461.txt
54,1997_476707.txt
1637,2002_538120.txt
2280,2004_127.txt
2382,2004_334.txt
1053,2000_095846.txt
453,1998_578648.txt
752,1999_573291.txt
1725,2002_699374.txt
2093,2003_297.txt
2358,2004_292.txt
304,1997_634976.txt
780,1999_633874.txt
825,1999_699805.txt
1063,2000_129388.txt
1486,2000_962395.txt
1690,2002_674956.txt
2398,2004_361.txt
1529,2002_050001.txt
1724,2002_698229.txt
1783,2002_773379.txt
1807,2002_830128.txt
1814,2002_835543.txt
269,1997_510841.txt
1141,2000_556251.txt
686,1999_481986.txt
2035,2003_200.txt
389,1998_458998.txt
149,1997_736254.txt
2330,2004_237.txt
221,1997_991545.txt
848,1999_736075.txt
2096,2003_302.txt
2243,2004_55.txt
451,1998_576460.txt
2092,2003_296.txt
2336,2004_246.txt
385,1998_449776.txt
2064,2003_240.txt
2188,2003_514.txt
2380,2004_330.txt
2208,2004_5.txt
96,1997_511579.txt
1669,2002_655082.txt
24,1997_472441.txt
436,1998_535687.txt
1612,2002_387292.txt
1739,2002_716298.txt
2424,2004_416.txt
1190,2000_617458.txt
1546,2002_075649.txt
1982,2003_128.txt
739,1999_559897.txt
844,1999_731414.txt
887,1999_814929.txt
1577,2002_122581.txt
1825,2002_856872.txt
2447,2004_468.txt
2089,2003_291.txt
1793,2002_798513.txt
2109,2003_322.txt
141,1997_475931.txt
1400,2000_897928.txt
1854,2002_926472.txt
2117,2003_340.txt
207,1997_874080.txt
1586,2002_147025.txt
2252,2004_74.txt
1210,2000_638334.txt
1685,2002_673433.txt
2145,2003_394.txt
2163,2003_430.txt
1119,2000_506851.txt
2115,2003_336.txt
2397,2004_359.txt
298,1997_255728.txt
1618,2002_478832.txt
954,1999_910113.txt
2091,2003_293.txt
562,1998_872624.txt
306,1997_790797.txt
2283,2004_130.txt
1015,1999_973303.txt
1604,2002_314490.txt
1891,2002_979598.txt
2238,2004_48.txt
1133,2000_552630.txt
827,1999_701409.txt
1561,2002_101063.txt
1715,2002_693141.txt
1268,2000_718172.txt
1554,2002_082237.txt
2018,2003_179.txt
2132,2003_365.txt
370,1998_219457.txt
1315,2000_802646.txt
1164,2000_576785.txt
1549,2002_077680.txt
1261,2000_710213.txt
1931,2003_58.txt
1623,2002_497579.txt
1913,2003_28.txt
1775,2002_763964.txt
1938,2003_68.txt
2274,2004_119.txt
2366,2004_311.txt
1492,2000_976328.txt
1956,2003_93.txt
2405,2004_375.txt
1345,2000_854141.txt
234,1997_675028.txt
645,1999_034196.txt
1435,2000_929783.txt
2165,2003_435.txt
2177,2003_493.txt
164,1997_592869.txt
27,1997_767473.txt
1084,2000_243888.txt
1231,2000_674316.txt
1621,2002_494571.txt
729,1999_556061.txt
2147,2003_397.txt
1369,2000_873558.txt
2178,2003_497.txt
2363,2004_303.txt
1047,2000_075257.txt
1426,2000_915297.txt
1859,2002_932909.txt
2229,2004_36.txt
1939,2003_69.txt
1304,2000_777531.txt
1688,2002_674784.txt
2020,2003_183.txt
490,1998_694305.txt
1530,2002_050159.txt
1729,2002_710314.txt
197,1997_574472.txt
1844,2002_912232.txt
2047,2003_216.txt
1601,2002_285967.txt
981,1999_919796.txt
1662,2002_652604.txt
2342,2004_261.txt
1018,1999_974267.txt
1777,2002_765933.txt
1507,2002_012137.txt
1673,2002_659290.txt
1789,2002_794270.txt
2207,2004_2.txt
2154,2003_412.txt
2029,2003_194.txt
903,1999_846387.txt
2084,2003_284.txt
2106,2003_319.txt
924,1999_873569.txt
775,1999_631575.txt
1026,1999_990785.txt
2212,2004_13.txt
1483,2000_958343.txt
1996,2003_144.txt
1078,2000_201617.txt
1602,2002_293192.txt
1054,2000_103398.txt
1075,2000_193715.txt
1861,2002_934127.txt
2216,2004_21.txt
987,1999_931987.txt
1233,2000_676612.txt
2351,2004_278.txt
143,1997_556474.txt
1542,2002_061064.txt
1962,2003_99.txt
1320,2000_813544.txt
1487,2000_966826.txt
2214,2004_16.txt
1572,2002_108161.txt
1256,2000_705533.txt
1817,2002_836984.txt
1930,2003_57.txt
1072,2000_169838.txt
1652,2002_631686.txt
2299,2004_163.txt
1742,2002_717530.txt
650,1999_044829.txt
2265,2004_103.txt
313,1997_030596.txt
2179,2003_502.txt
371,1998_261656.txt
1614,2002_423774.txt
1908,2003_23.txt
1581,2002_134251.txt
727,1999_555751.txt
755,1999_574825.txt
2227,2004_34.txt
1834,2002_877267.txt
1755,2002_734462.txt
2005,2003_160.txt
1576,2002_122312.txt
260,1997_536654.txt
751,1999_573121.txt
2158,2003_421.txt
2285,2004_133.txt
821,1999_696559.txt
1781,2002_772200.txt
514,1998_775006.txt
1350,2000_855326.txt
1975,2003_118.txt
2152,2003_410.txt
881,1999_810023.txt
2133,2003_366.txt
1816,2002_836474.txt
2051,2003_220.txt
2107,2003_320.txt
2183,2003_509.txt
2185,2003_511.txt
263,1997_857069.txt
1153,2000_572190.txt
1008,1999_956679.txt
2076,2003_265.txt
259,1997_456077.txt
245,1997_813079.txt
184,1997_596970.txt
1158,2000_574384.txt
157,1997_892321.txt
359,1998_125780.txt
682,1999_431358.txt
1433,2000_918832.txt
241,1997_911224.txt
720,1999_551166.txt
545,1998_847657.txt
1897,2002_996434.txt
1664,2002_653595.txt
1482,2000_957713.txt
1518,2002_031539.txt
1905,2003_16.txt
369,1998_212331.txt
754,1999_574545.txt
1597,2002_230441.txt
330,1997_057748.txt
1965,2003_104.txt
2129,2003_362.txt
1519,2002_032413.txt
2326,2004_232.txt
1328,2000_832071.txt
1663,2002_653140.txt
2415,2004_388.txt
1998,2003_148.txt
2094,2003_298.txt
2345,2004_266.txt
772,1999_614052.txt
850,1999_737251.txt
1392,2000_894277.txt
223,1997_579195.txt
1850,2002_918284.txt
2429,2004_432.txt
803,1999_670780.txt
1808,2002_830131.txt
839,1999_716114.txt
922,1999_873155.txt
1438,2000_931061.txt
1553,2002_079437.txt
1191,2000_618192.txt
1951,2003_87.txt
2120,2003_343.txt
2027,2003_192.txt
2288,2004_139.txt
373,1998_320428.txt
1446,2000_935195.txt
2331,2004_239.txt
2257,2004_85.txt
368,1998_203337.txt
526,1998_804864.txt
2441,2004_458.txt
1901,2003_11.txt
73,1997_913103.txt
1843,2002_911754.txt
1958,2003_95.txt
1670,2002_657022.txt
4,1997_688160.txt
1305,2000_781318.txt
2305,2004_175.txt
2359,2004_294.txt
758,1999_576213.txt
1941,2003_72.txt
1134,2000_553353.txt
2077,2003_267.txt
937,1999_890093.txt
1878,2002_956743.txt
1886,2002_972796.txt
2403,2004_373.txt
794,1999_653570.txt
1055,2000_106715.txt
2016,2003_175.txt
2349,2004_272.txt
861,1999_765745.txt
2023,2003_186.txt
558,1998_868471.txt
1131,2000_551546.txt
1906,2003_18.txt
2414,2004_387.txt
1753,2002_733503.txt
1842,2002_906448.txt
2210,2004_9.txt
1970,2003_112.txt
1568,2002_107209.txt
1344,2000_851969.txt
1654,2002_637194.txt
2393,2004_354.txt
1616,2002_438589.txt
372,1998_268942.txt
1615,2002_425417.txt
1863,2002_938041.txt
1744,2002_718305.txt
1100,2000_438892.txt
2128,2003_361.txt
1716,2002_693429.txt
2347,2004_268.txt
1613,2002_415181.txt
1228,2000_672399.txt
935,1999_887899.txt
1610,2002_372968.txt
1794,2002_803852.txt
1137,2000_554818.txt
1824,2002_855878.txt
1917,2003_34.txt
869,1999_782869.txt
1394,2000_894718.txt
915,1999_859522.txt
2130,2003_363.txt
818,1999_693817.txt
1699,2002_678172.txt
2291,2004_142.txt
997,1999_935891.txt
2080,2003_278.txt
1914,2003_30.txt
2374,2004_322.txt
433,1998_534795.txt
1445,2000_934269.txt
2365,2004_309.txt
823,1999_697937.txt
1599,2002_243882.txt
2343,2004_262.txt
651,1999_048310.txt
1539,2002_057765.txt
1857,2002_930911.txt
1691,2002_675006.txt
1555,2002_091020.txt
1862,2002_936431.txt
379,1998_392683.txt
489,1998_693467.txt
944,1999_893124.txt
1976,2003_119.txt
2361,2004_298.txt
1005,1999_950942.txt
2218,2004_23.txt
1550,2002_078589.txt
2281,2004_128.txt
1548,2002_077466.txt
1898,2002_998805.txt
2377,2004_327.txt
2239,2004_49.txt
2348,2004_270.txt
2457,2004_483.txt
1410,2000_910351.txt
28,1997_743186.txt
1543,2002_070547.txt
158,1997_914301.txt
1877,2002_955716.txt
1660,2002_651875.txt
414,1998_495472.txt
1790,2002_795829.txt
121,1997_976604.txt
1237,2000_679010.txt
1741,2002_717239.txt
2372,2004_318.txt
2386,2004_344.txt
293,1997_950322.txt
2015,2003_174.txt
1999,2003_149.txt
1892,2002_979646.txt
728,1999_555952.txt
2038,2003_204.txt
1513,2002_019782.txt
1911,2003_26.txt
1289,2000_751883.txt
2037,2003_203.txt
2126,2003_353.txt
1062,2000_127329.txt
2396,2004_357.txt
735,1999_558853.txt
1668,2002_654953.txt
1683,2002_672755.txt
2306,2004_178.txt
2297,2004_153.txt
1012,1999_971541.txt
1784,2002_775925.txt
2392,2004_352.txt
1511,2002_016413.txt
1558,2002_095727.txt
347,1998_049174.txt
1893,2002_987315.txt
2417,2004_391.txt
2248,2004_62.txt
950,1999_897233.txt
1666,2002_654278.txt
437,1998_535986.txt
1474,2000_952893.txt
1570,2002_107914.txt
1677,2002_665348.txt
921,1999_872843.txt
1582,2002_136641.txt
2090,2003_292.txt
508,1998_759985.txt
1149,2000_571000.txt
2072,2003_254.txt
594,1998_930178.txt
2182,2003_507.txt
1357,2000_862726.txt
2085,2003_285.txt
13,1997_606398.txt
2388,2004_347.txt
2439,2004_456.txt
621,1998_959671.txt
2408,2004_378.txt
2389,2004_348.txt
2399,2004_362.txt
231,1997_918357.txt
2195,2003_545.txt
732,1999_556939.txt
2081,2003_279.txt
879,1999_800087.txt
1423,2000_914317.txt
1647,2002_612369.txt
854,1999_742385.txt
1406,2000_905497.txt
602,1998_935951.txt
1967,2003_106.txt
1116,2000_495087.txt
1636,2002_537905.txt
2451,2004_475.txt
1493,2000_979459.txt
2001,2003_151.txt
1827,2002_864597.txt
1735,2002_715289.txt
1684,2002_673275.txt
405,1998_488580.txt
2466,2004_499.txt
1364,2000_871816.txt
350,1998_059964.txt
1747,2002_723345.txt
2416,2004_390.txt
2432,2004_447.txt
2111,2003_329.txt
1959,2003_96.txt
1661,2002_652482.txt
2302,2004_168.txt
2061,2003_235.txt
438,1998_537522.txt
1323,2000_817078.txt
1642,2002_584034.txt
1924,2003_45.txt
2112,2003_330.txt
49,1997_904901.txt
1633,2002_530975.txt
1009,1999_958720.txt
303,1997_727234.txt
993,1999_934482.txt
2026,2003_191.txt
267,1997_451150.txt
185,1997_716840.txt
969,1999_916443.txt
622,1998_959778.txt
1887,2002_972972.txt
1858,2002_931069.txt
2174,2003_489.txt
1760,2002_737822.txt
1552,2002_078994.txt
2167,2003_444.txt
1812,2002_833527.txt
2040,2003_206.txt
2162,2003_429.txt
190,1997_917491.txt
1544,2002_072432.txt
2083,2003_283.txt
2140,2003_377.txt
2406,2004_376.txt
966,1999_915866.txt
2259,2004_93.txt
1746,2002_718733.txt
1353,2000_857364.txt
1605,2002_325630.txt
1245,2000_692520.txt
1069,2000_149433.txt
2181,2003_505.txt
2311,2004_197.txt
2074,2003_260.txt
2166,2003_440.txt
2099,2003_309.txt
1942,2003_74.txt
2164,2003_431.txt
1281,2000_739608.txt
2205,2003_666.txt
1566,2002_106590.txt
2263,2004_101.txt
92,1997_952275.txt
219,1997_936666.txt
1504,2002_011084.txt
214,1997_674797.txt
1634,2002_534467.txt
1351,2000_856478.txt
1308,2000_788927.txt
1327,2000_831814.txt
2355,2004_284.txt
